<?xml version="1.0" encoding="UTF-8"?>
<beans xmlns="http://www.springframework.org/schema/beans"
	xmlns:xsi="http://www.w3.org/2001/XMLSchema-instance"
	xsi:schemaLocation="http://www.springframework.org/schema/beans http://www.springframework.org/schema/beans/spring-beans.xsd">
	
	<!-- Root Context: defines shared resources visible to all other web components -->
	<!-- DataSource Spring Bean 등록 -->
	<bean id="dataSource" class="org.springframework.jdbc.datasource.DriverManagerDataSource">
		<property name="url" value="jdbc:mariadb://localhost:33060/somebodyplace" />  <!-- name은 클래스에 getter/setter 메소드가 있어야한다. -->
		<property name="driverClassName" value="org.mariadb.jdbc.Driver" />  <!-- 따라서 임의로 변경이 불가능하다. -->
		<property name="username" value="root" />
		<property name="password" value="1234" />
	</bean>
	
	<!-- SqlSessionFactory Spring Bean 등록 -->
	<bean id="sqlSessionFactory" class="org.mybatis.spring.SqlSessionFactoryBean">
		<property name="dataSource" ref="dataSource" />
		<property name="configLocation" value="classpath:/mybatis-config.xml" />
		<property name="mapperLocations" value="classpath:mappers/**/*Mapper.xml" />
 	</bean>
 	
 	<!-- SqlSession Spring Bean 등록 -->
 	<bean id="sqlSession" class="org.mybatis.spring.SqlSessionTemplate" destroy-method="clearCache">
 		<constructor-arg name="sqlSessionFactory" ref="sqlSessionFactory" />
 	</bean>
</beans>
